onset	duration	condition
2.022	36.05	tasteless
38.072	0	rinse
53.088	44.983	Sucrose
98.071	0	rinse
113.079	44.993	NaCl
158.072	0	rinse
173.071	35.976	citric_acid
209.047	0	rinse
224.047	36	tasteless
260.047	0	rinse
275.047	54	Sucrose
329.047	0	rinse
344.047	45.001	NaCl
389.048	0	rinse
404.064	53.984	tasteless
458.048	0	rinse
473.048	35.968	MPG
509.016	0	rinse
524.015	53.9450000000001	citric_acid
577.96	0	rinse
592.959	44.9689999999999	MPG
637.928	0	rinse
652.928	54	tasteless
706.928	0	rinse
