onset	duration	condition
2.029	45.051	citric_acid
47.08	0	rinse
62.08	36	tasteless
98.08	0	rinse
113.08	54.008	MPG
167.088	0	rinse
182.08	44.992	tasteless
227.072	0	rinse
242.648	36	Sucrose
278.648	0	rinse
293.648	45.016	tasteless
338.664	0	rinse
353.672	54.008	NaCl
407.68	0	rinse
422.696	44.952	citric_acid
467.648	0	rinse
482.648	54.0079999999999	tasteless
536.656	0	rinse
551.648	35.968	NaCl
587.616	0	rinse
602.617	45.303	Sucrose
647.92	0	rinse
662.92	44.9690000000001	MPG
707.889	0	rinse
