{
	"Manufacturer": "Siemens",
	"ManufacturersModelName": "TrioTim",
	"ImageType": ["ORIGINAL", "PRIMARY", "P", "ND"],
	"MagneticFieldStrength": 3,
	"FlipAngle": 50,
	"EchoTime1": 0.00492,
	"EchoTime2": 0.00738,
	"RepetitionTime": 0.731,
	"SliceTiming": [
		0,
		0.535,
		0.0675,
		0.6025,
		0.135,
		0.67,
		0.2,
		0.735,
		0.2675,
		0.8025,
		0.335,
		0.87,
		0.4025,
		0.9375,
		0.4675,
		0,
		0.535,
		0.0675,
		0.6025,
		0.135,
		0.67,
		0.2,
		0.735,
		0.2675,
		0.8025,
		0.335,
		0.87,
		0.4025,
		0.9375,
		0.4675,
		0,
		0.535,
		0.0675,
		0.6025,
		0.135,
		0.67,
		0.2,
		0.735,
		0.2675,
		0.8025,
		0.335,
		0.87,
		0.4025,
		0.9375,
		0.4675,
		0,
		0.535,
		0.0675,
		0.6025,
		0.135,
		0.67,
		0.2,
		0.735,
		0.2675,
		0.8025,
		0.335,
		0.87,
		0.4025,
		0.9375,
		0.4675	],
	"PhaseEncodingDirection": "j-",
	"IntendedFor": [
					"ses-scan1/func/sub-1756_ses-scan1_task-taste1_bold.nii.gz",
					"ses-scan1/func/sub-1756_ses-scan1_task-taste2_bold.nii.gz"
					]
}
