{
	"Manufacturer": "Siemens",
	"ManufacturersModelName": "TrioTim",
	"ImageType": ["ORIGINAL", "PRIMARY", "P", "ND"],
	"MagneticFieldStrength": 3,
	"FlipAngle": 50,
	"EchoTime1": 0.00492,
	"EchoTime2": 0.00738,
	"RepetitionTime": 0.731,
	"SliceTiming": [
		0,
		0.535,
		0.065,
		0.6,
		0.1325,
		0.6675,
		0.2,
		0.735,
		0.2675,
		0.8025,
		0.3325,
		0.8675,
		0.4,
		0.935,
		0.4675,
		0,
		0.535,
		0.065,
		0.6,
		0.1325,
		0.6675,
		0.2,
		0.735,
		0.2675,
		0.8025,
		0.3325,
		0.8675,
		0.4,
		0.935,
		0.4675,
		0,
		0.535,
		0.065,
		0.6,
		0.1325,
		0.6675,
		0.2,
		0.735,
		0.2675,
		0.8025,
		0.3325,
		0.8675,
		0.4,
		0.935,
		0.4675,
		0,
		0.535,
		0.065,
		0.6,
		0.1325,
		0.6675,
		0.2,
		0.735,
		0.2675,
		0.8025,
		0.3325,
		0.8675,
		0.4,
		0.935,
		0.4675	],
	"PhaseEncodingDirection": "j-",
	"IntendedFor": [
					"ses-scan2/func/sub-1803_ses-scan2_task-taste1_bold.nii.gz",
					"ses-scan2/func/sub-1803_ses-scan2_task-taste2_bold.nii.gz"
					]
}
