onset	duration	condition
2.019	45.028	citric_acid
47.047	0	rinse
62.063	36.016	tasteless
98.079	0	rinse
113.079	54	MPG
167.079	0	rinse
182.079	45.001	tasteless
227.08	0	rinse
242.08	36.008	Sucrose
278.088	0	rinse
293.095	44.984	tasteless
338.079	0	rinse
353.08	53.999	NaCl
407.079	0	rinse
422.08	44.999	citric_acid
467.079	0	rinse
482.079	53.936	tasteless
536.015	0	rinse
551.015	36	NaCl
587.015	0	rinse
602.016	44.9680000000001	Sucrose
646.984	0	rinse
661.984	45.0079999999999	MPG
706.992	0	rinse
